{"schemaVersion":"1.0","appDefinitionTemplate":{"id":"/providers/Microsoft.PowerApps/apps/","type":"Microsoft.PowerApps/apps","tags":{"primaryDeviceWidth":"640","primaryDeviceHeight":"1136","sienaVersion":"20220125T122932Z-3.22013.7.0","deviceCapabilities":"webcam","supportsPortrait":"true","supportsLandscape":"true","primaryFormFactor":"Phone","publisherVersion":"3.22013.7","minimumRequiredApiVersion":"2.2.0","hasComponent":"false","hasUnlockedComponent":"false","isUnifiedRootApp":"false"},"properties":{"appVersion":"2022-01-25T12:29:32Z","lifeCycleId":"Published","createdByClientVersion":{"major":3,"minor":22013,"build":7,"revision":0,"majorRevision":0,"minorRevision":0},"minClientVersion":{"major":3,"minor":22013,"build":7,"revision":0,"majorRevision":0,"minorRevision":0},"backgroundColor":"rgba(255, 255, 255, 1)","backgroundImageUri":"/2253336920519396263/N20741993-5646-4f9f-bd91-b8d78471a072-logoSmallFile","displayName":"Leave Office Safe","description":"","commitMessage":"","appUris":{"documentUri":{"value":"/2253336920519396263/N230f1f93-a9c6-4c3f-9108-3f1b23f9d359-document.msapp"},"imageUris":[]},"createdTime":"0001-01-01T00:00:00Z","lastModifiedTime":"0001-01-01T00:00:00Z","sharedGroupsCount":0,"sharedUsersCount":0,"icons":{"smallIconUri":"/2253336920519396263/Nabcd89a1-9c38-411a-86a1-72cdbcfde906-small.png","mediumIconUri":"/2253336920519396263/N685f1978-184c-4f97-9282-7f17c11d9cc7-medium.png","largeIconUri":"/2253336920519396263/N1182c0e5-bae1-44e9-835c-20ae72d97d4b-large.png","wideIconUri":"/2253336920519396263/N12f97e60-9c20-4b30-b657-98aee1c1cb71-wide.png"},"connectionReferences":{"3f4fada6-6de3-4341-8f5f-9fc27c30f7d8":{"id":"68663f01-f145-4351-82f6-6d4b4972329e","displayName":"SharePoint","iconUri":"https://connectoricons-prod.azureedge.net/releases/v1.0.1549/1.0.1549.2678/sharepointonline/icon.png","dataSources":["leave_office_safe_records"],"dependencies":[],"dependents":[],"parameterHints":{},"parameterHintsV2":{},"isOnPremiseConnection":false,"bypassConsent":false,"dataSets":{"https://microsoftapc.sharepoint.com/teams/EasonResearchLab":{"dataSources":{"leave_office_safe_records":{"tableName":"88c83b52-fb44-4bd7-8b9c-af52e5355427"}}}},"apiTier":"Standard","isCustomApiConnection":false,"actions":["providers/PowerPlatform.Governance/Operations/Read","providers/PowerPlatform.Governance/Operations/Write"]}},"databaseReferences":{},"almMode":"Environment","performanceOptimizationEnabled":true,"canConsumeAppPass":true,"executionRestrictions":{"isTeamsOnly":false,"dataLossPreventionEvaluationResult":{"status":"Compliant","lastEvaluationDate":"2022-01-25T08:03:25.5286037Z","violations":[],"violationsByPolicy":[],"violationErrorMessage":"The app uses the following connectors: ."}}},"appType":"ClassicCanvasApp","appComponents":[]}}